ID Prospect,Nome do Prospect,Razão Social,CNPJ,Contato Principal,E-mail,Telefone,Cidade,Estado,CEP,Bairro,Rua,Complemento,País,Origem,Funil,Etapa do Funil,Responsável,Ativo,Enriquecido,Data de Enriquecimento,Data de Criação,Hora de Criação,Data de Atualização,Hora de Atualização,Data de Perda,Motivo de Perda,TAGS,Código Externo,ID Lista,Departamento,Atividade,Faturamento,Segmento,Nome Completo,Indique Ganhe
2268,Rosil Embalagens Plasticas Ltda,Rosil Embalagens Plasticas Ltda,43871946000136,Rosil Embalagens Plasticas Ltda,leandro@rosil.com.br,(11) 2085-4140,MOGI DAS CRUZES,SP,08772011,TABOAO,EST YONEJI NAKAMURA,,,Base de empresas Leads2b,Prospect,Não Enriquecido,Junior Lopes,,0,,27/06/2025,17:02:37,27/06/2025,17:07:26,,,,,,,,,,,
2258,Industria E Comercio De Artef De Borracha Haiti Ltda,Industria E Comercio De Artef De Borracha Haiti Ltda,63065577000100,Industria E Comercio De Artef De Borracha Haiti Ltda,nfe@haiti.com.br,(11) 3277-0210,ITAQUAQUECETUBA,SP,08597630,QUINTA DA BOA VISTA (INDUSTRIAL),R FLOR DE NOIVA,,,Base de empresas Leads2b,Prospect,Enriquecido,Junior Lopes,,1,23/07/2025,27/06/2025,15:59:52,23/07/2025,10:23:02,,,,,,,,,,,
2252,Plasvipel Ltda,Plasvipel Ltda,03170878000163,Plasvipel Ltda,null,,BAURU,SP,17034280,DISTRITO INDUSTRIAL,RUA WALDEMAR PEREIRA DA SILVEIRA,,,Base de empresas Leads2b,Prospect,Não Enriquecido,Paulo Souza,,0,,27/06/2025,15:52:41,17/11/2025,15:02:48,,,zapPaulo,,,,,,,,
2255,Alpack Do Brasil Industria E Comercio De Embalagens E Maquinas Ltda,Alpack Do Brasil Industria E Comercio De Embalagens E Maquinas Ltda,28543527000181,Alpack Do Brasil Industria E Comercio De Embalagens E Maquinas Ltda,contato@alpack.com.br,(14) 3235-4411,BAURU,SP,17039760,DISTRITO INDUSTRIAL MARCUS VINICIUS FELIZ MACHADO,RUA LAUREANO GARCIA,BRCAO .,,Base de empresas Leads2b,Prospect,Não Enriquecido,Paulo Souza,,0,,27/06/2025,15:54:34,21/11/2025,15:25:22,,,fimzap;zapPaulo,,,,,,,,
2264,Lacres Zenith Comercio & Industria De Materiais De Seguranca Ltda,Lacres Zenith Comercio & Industria De Materiais De Seguranca Ltda,10428815000120,Lacres Zenith Comercio & Industria De Materiais De Seguranca Ltda,lacrszenith@hotmail.com,(11) 9965-2514,SAO PAULO,SP,03383070,CAPAO DO EMBIRA,RUA CONSTANTINO FUSCO,,,Base de empresas Leads2b,Prospect,Não Enriquecido,Paulo Souza,,0,,27/06/2025,16:09:29,26/11/2025,11:25:55,,,fimzap;zapPaulo,,,,,,,,
2251,Embalixo Industria E Comercio De Embalagens Plasticas Ltda,Embalixo Industria E Comercio De Embalagens Plasticas Ltda,19572597000258,Embalixo Industria E Comercio De Embalagens Plasticas Ltda,contabilidade@embalixo.com.br,(19) 3716-8699,HORTOLANDIA,SP,13184889,JARDIM NOVA EUROPA,AV CARLOS ROBERTO PRATAVIERA,,,Base de empresas Leads2b,Prospect,Enriquecido,Junior Lopes,,1,23/07/2025,27/06/2025,15:37:39,09/12/2025,22:28:12,,,,,,,,,,,
2281,Pro-cooking Industria E Comercio De Alimentos Ltda,Pro-cooking Industria E Comercio De Alimentos Ltda,06318421000141,Pro-cooking Industria E Comercio De Alimentos Ltda,financeiro@procooking.com.br,(19) 3852-3523,PEDREIRA,SP,13925400,JARDIM SANTA CLARA,ESTM HAMILTON BERNARDES,,,Base de empresas Leads2b,Prospect,Não Enriquecido,Junior Lopes,,0,,30/06/2025,16:21:21,30/06/2025,16:22:08,,,,,,,,,,,
2303,Enerplast Industria E Comercio De Plasticos Ltda,Enerplast Industria E Comercio De Plasticos Ltda,36927233000181,Enerplast Industria E Comercio De Plasticos Ltda,associativo@b2con.com.br,(19) 3381-1000,CAMPINAS,SP,13082030,CHACARAS CAMPOS DOS AMARAIS,R FRANCISCO CEARA BARBOSA,,,Base de empresas Leads2b,Prospect,Não Enriquecido,Junior Lopes,,0,,04/07/2025,10:23:50,04/07/2025,10:23:50,,,,,,,,,,,
2312,"Etiq Plast Industria E Comercio, Importacao E Exportacao Ltda","Etiq Plast Industria E Comercio, Importacao E Exportacao Ltda",01820004000189,"Etiq Plast Industria E Comercio, Importacao E Exportacao Ltda",avisos.soc@novaamerica.net,(19) 3475-9970,AMERICANA,SP,13474770,LOTEAMENTO INDUSTRIAL SALTO GRANDE I,R DO NYLON,,,Base de empresas Leads2b,Prospect,Não Enriquecido,Junior Lopes,,0,,04/07/2025,10:51:20,04/07/2025,10:51:20,,,,,,,,,,,
2314,Mega Pead Tubos E Conexoes Ltda,Mega Pead Tubos E Conexoes Ltda,26482510000136,Mega Pead Tubos E Conexoes Ltda,societario@contmaisassessoria.com.br,(19) 3325-9211,CAMPINAS,SP,13040109,JARDIM NOVA EUROPA,R SERRA AZUL,,,Base de empresas Leads2b,Prospect,Não Enriquecido,Junior Lopes,,0,,04/07/2025,10:52:19,04/07/2025,10:52:19,,,,,,,,,,,
2316,Dispafilm Do Brasil Ltda,Dispafilm Do Brasil Ltda,68871912000415,Dispafilm Do Brasil Ltda,junio@dispafilm.com.br,(11) 3296-7802,AMERICANA,SP,13473625,VILA BERTINI,AVENIDA NICOLAU JOAO ABDALLA,GALPAO: 02;,,Base de empresas Leads2b,Prospect,Não Enriquecido,Junior Lopes,,0,,04/07/2025,10:53:47,04/07/2025,10:53:47,,,,,,,,,,,
2320,Hl Filmes Flexiveis Industria E Comercio Ltda,Hl Filmes Flexiveis Industria E Comercio Ltda,23218215000189,Hl Filmes Flexiveis Industria E Comercio Ltda,contato@embalagenshl.com.br,(19) 3468-2080,AMERICANA,SP,13470900,MORADA DO SOL,AVENIDA SAO JERONIMO,BLOCO 2B,,Base de empresas Leads2b,Prospect,Não Enriquecido,Junior Lopes,,0,,04/07/2025,11:01:29,04/07/2025,11:01:29,,,,,,,,,,,
2270,Brinqpet Industria E Comercio De Artigos Para Animais Domesticos Ltda,Brinqpet Industria E Comercio De Artigos Para Animais Domesticos Ltda,35469298000168,RODRIGO CESAR DA CRUZ,rodrigo@brinquepet.com,(16) 3416-3938,SAO CARLOS,SP,13573420,CEAT,AVENIDA ANTONIO MARTINEZ CARRERA FILHO,,,Base de empresas Leads2b,Prospect,Enriquecido,Junior Lopes,,1,22/07/2025,30/06/2025,09:11:07,22/07/2025,09:15:04,,,,,,,,,,,
2297,Acrel Distribuidora De Mangueiras Ltda,Acrel Distribuidora De Mangueiras Ltda,00101571000546,Acrel Distribuidora De Mangueiras Ltda,contabilidade@acrelnet.com.br,(49) 3433-2995,XANXERE,SC,89820000,LINHA SAO SEBASTIAO,RUA ANGELO ALBINO FERRONATO,,,Base de empresas Leads2b,Prospect,Enriquecido,Junior Lopes,,1,23/07/2025,02/07/2025,12:48:58,23/07/2025,09:40:41,,,,,,,,,,,
2376,Distrinox Distribuidora De Artefatos Agricolas E Seguranca Ltda,Distrinox Distribuidora De Artefatos Agricolas E Seguranca Ltda,04962325000106,Distrinox Distribuidora De Artefatos Agricolas E Seguranca Ltda,distrinox@distrinox.com.br,(16) 3969-8080,RIBEIRAO PRETO,SP,14076410,INDEPENDENCIA,AV MOGIANA,,,Base de empresas Leads2b,Prospect,Não Enriquecido,Junior Lopes,,0,,23/07/2025,17:00:46,23/07/2025,17:00:46,,,,,,,,,,,
2382,Drogaria Nova Esperanca Ltda,Drogaria Nova Esperanca Ltda,43575877000466,Drogaria Nova Esperanca Ltda,thiago@drogarianovaesperanca.com.br,(11) 3991-0622,SAO PAULO,SP,05307000,VILA RIBEIRO DE BARROS,RUA MAJ PALADINO,GALPAO06/07,,Base de empresas Leads2b,Prospect,Não Enriquecido,Junior Lopes,,0,,23/07/2025,17:05:41,23/07/2025,17:05:41,,,,,,,,,,,
2384,Capricho Distribuidora Importacao E Exportacao Ltda,Capricho Distribuidora Importacao E Exportacao Ltda,55321475000171,Capricho Distribuidora Importacao E Exportacao Ltda,caprichoimports@gmail.com,(11) 4201-2516,COTIA,SP,06707065,GRANJA VIANA II,R PACIFICO,GALPAO01,,Base de empresas Leads2b,Prospect,Não Enriquecido,Junior Lopes,,0,,23/07/2025,17:16:44,23/07/2025,17:16:44,,,,,,,,,,,
2305,Angelplas Industria E Comercio Ltda,Angelplas Industria E Comercio Ltda,02498846000129,Angelplas Industria E Comercio Ltda,financeiro@angelplas.com.br,(19) 3268-6823,CAMPINAS,SP,13051110,JARDIM DAS BANDEIRAS,R ALTINO ARANTES,,,Base de empresas Leads2b,Prospect,Recontato,Junior Lopes,,2,,04/07/2025,10:24:45,24/07/2025,09:44:19,,,,,,,,,,,
2300,Degam Embalagens Ltda,Degam Embalagens Ltda,09160294000193,Degam Embalagens Ltda,lista-societario@visualassessoria.com.br,(19) 3471-0670,AMERICANA,SP,13478722,JARDIM WERNER PLAAS,RUA DO MARCENEIRO,,,Base de empresas Leads2b,Prospect,Não Enriquecido,Junior Lopes,,3,,04/07/2025,10:21:36,24/07/2025,09:47:20,24/07/2025,Lead fora de perfil,,,,,,,,,
2290,Niquelplast Industria E Comercio De Artefatos De Plastico E Aramados Ltda,Niquelplast Industria E Comercio De Artefatos De Plastico E Aramados Ltda,08832177000166,ALEXANDRE ANDRE ROSSETTI,alexandre@niquelart.com.br,(19) 3852-9300 ,PEDREIRA,SP,13928560,DISTRITO INDUSTRIAL PREFEITO JOSE CARLOS LENA,RUA DIVO ORLANDI BERNARDIN,,,Base de empresas Leads2b,Prospect,Recontato,Junior Lopes,,2,,30/06/2025,17:22:31,24/07/2025,11:36:53,,,,,,,,,,,
2284,Mrf Industria E Comercio De Plasticos Ltda,Mrf Industria E Comercio De Plasticos Ltda,08615230000177,FABIO RODRIGO DE OLIVEIRA,fabio@plastbon.com.br,(19) 3893-1308 ,PEDREIRA,SP,13920000,JD. TRIUNFO,RUA CAMPINAS,,,Base de empresas Leads2b,Prospect,Recontato,Junior Lopes,,2,,30/06/2025,16:41:02,24/07/2025,12:05:29,,,,,,,,,,,
2366,Buschle & Lepper Sa,Buschle & Lepper Sa,84684471000156,Buschle & Lepper Sa,juridico@buschle.com.br,(47) 3461-2700,JOINVILLE,SC,89202406,BUCAREIN,R INACIO BASTOS,,,Base de empresas Leads2b,Prospect,Recontato,Junior Lopes,,2,,23/07/2025,15:51:23,24/07/2025,14:50:16,,,,,,,,,,,
2378,Dismax Distribuicao E Representacao De Produtos E Generos Alimenticios Ltda,Dismax Distribuicao E Representacao De Produtos E Generos Alimenticios Ltda,08712676000110,Dismax Distribuicao E Representacao De Produtos E Generos Alimenticios Ltda,contasapagar@dismax.com.br,(11) 5563-5971,MAUA,SP,09380000,CAPUAVA,AV ALBERTO SOARES SAMPAIO,GALPAOLOGISTIC MODULO A10,,Base de empresas Leads2b,Prospect,Recontato,Junior Lopes,,2,,23/07/2025,17:04:59,25/07/2025,12:18:41,,,,,,,,,,,
2387,Mel Correa & Correa Ltda,Mel Correa & Correa Ltda,71998363000106,Mel Correa & Correa Ltda,null,,SAO CARLOS,SP,13564800,ZONA RURAL,RODOVIA WASHINGTON LUIZ,KM 225,,Base de empresas Leads2b,Prospect,Não Enriquecido,Junior Lopes,,3,,24/07/2025,09:59:57,25/07/2025,15:08:32,25/07/2025,Lead fora de perfil,,,,,,,,,
2318,Ladislau Industria E Comercio De Embalagens Ltda,Ladislau Industria E Comercio De Embalagens Ltda,08141070000171,Ladislau Industria E Comercio De Embalagens Ltda,embalagenshl@embalagenshl.com.br,(19) 3406-6955,AMERICANA,SP,13470900,MORADA DO SOL,AVENIDA SAO JERONIMO,BLOCO 2B-1,,Base de empresas Leads2b,Prospect,Recontato,Junior Lopes,,2,,04/07/2025,10:59:58,25/07/2025,15:13:14,,,,,,,,,,,
2294,Plasdorta Industria E Comercio Ltda,Plasdorta Industria E Comercio Ltda,37933541000182,Plasdorta Industria E Comercio Ltda,contabil@jzonline.com.br,(19) 3807-9414,PEDREIRA,SP,13920000,DISTRITO INDUSTRIAL PREFEITO JOSE CARLOS LENA,RUA JOSE APARECIDO MORETTO,,,Base de empresas Leads2b,Prospect,Recontato,Junior Lopes,,2,,30/06/2025,17:42:55,28/07/2025,15:32:36,,,,,,,,,,,
2309,Milcam Plastic Industria E Comercio Ltda,Milcam Plastic Industria E Comercio Ltda,96509674000195,Milcam Plastic Industria E Comercio Ltda,milene@milcam.com.br,(19) 3469-9000,AMERICANA,SP,13474750,SALTO GRANDE,AVENIDA JOSE FORTUNATO SANTON,ANEXO NUM 182,,Base de empresas Leads2b,Prospect,Recontato,Junior Lopes,,2,,04/07/2025,10:50:02,28/07/2025,15:59:22,,,,,,,,,,,
2396,Toyster Brinquedos Ltda,Toyster Brinquedos Ltda,58338690000173,Toyster Brinquedos Ltda,contabilidade@toyster.com,(11) 3604-5537,OSASCO,SP,06233120,JARDIM PIRATININGA,R HENRIQUE DIAS,,,Base de empresas Leads2b,Prospect,Não Enriquecido,Junior Lopes,,0,,24/07/2025,17:00:37,28/07/2025,16:07:04,,,,,,,,,,,
2347,Aero Space Artigos Para Festas Ltda,Aero Space Artigos Para Festas Ltda,37767010000167,Aero Space Artigos Para Festas Ltda,brunobenevento@nybc.com.br,(11) 3961-0146,ITAJAI,SC,88307990,CANHANDUBA,RUA JOAO THOMAZ PINTO,GALPAO03 SALA 06 A,,Base de empresas Leads2b,Prospect,Enriquecido,Rayssa Karapeticov,,3,07/08/2025,16/07/2025,15:47:10,20/08/2025,09:10:13,20/08/2025,Não foi possível primeiro contato,,,,,,,,,
2393,Industria De Plasticos Inplast Ltda,Industria De Plasticos Inplast Ltda,46409975000179,Industria De Plasticos Inplast Ltda,null,(19) 3852-9700,PEDREIRA,SP,13920000,VL SAO PEDRO,AV DR SYLVIO DE A MAYA,,,Base de empresas Leads2b,Prospect,Recontato,Junior Lopes,,2,,24/07/2025,15:24:22,11/11/2025,16:56:40,,,,,,,,,,,
2317,Zaraplast S.a,Zaraplast S.a,61827663001574,Zaraplast S.a,jluiz@zaraplast.com.br,(11) 3933-7755,SANTA BARBARA D'OESTE,SP,13457164,CONJUNTO HABITACIONAL FRANCISCO DE CILLO (INOCOOP),RUA JOAO BRAULINO,,,Base de empresas Leads2b,Prospect,Recontato,Junior Lopes,,2,,04/07/2025,10:58:51,11/11/2025,17:06:53,,,,,,,,,,,
2287,Industria E Comercio De Aluminios Santa Clara Ltda,Industria E Comercio De Aluminios Santa Clara Ltda,51999720000143,Industria E Comercio De Aluminios Santa Clara Ltda,tatiana@santaclaraaluminios.com.br,(19) 3893-3276,PEDREIRA,SP,13920000,SANTA CRUZ,EST MUNICIPAL JULIO PERON,GALPAOA,,Base de empresas Leads2b,Prospect,Enriquecido,Junior Lopes,,1,23/07/2025,30/06/2025,16:43:35,09/12/2025,22:28:12,,,,,,,,,,,
2293,Maria Rita Barbosa De Andrade,Maria Rita Barbosa De Andrade,05467660000109,Maria Rita Barbosa De Andrade,artefatosdemadeirasj@hotmail.com,(19) 3893-2101,PEDREIRA,SP,13920000,PARQUE INDUSTRIAL,RUA HAMILTON BERNARDES,,,Base de empresas Leads2b,Prospect,Recontato,Junior Lopes,,2,,30/06/2025,17:34:07,09/12/2025,22:28:12,,,,,,,,,,,
2406,Regina Industria E Comercio S/a,Regina Industria E Comercio S/a,52005378000181,Regina Industria E Comercio S/a,contabilidade@reginafestas.com.br,(18) 3229-5018,PRESIDENTE PRUDENTE,SP,19053300,JARDIM ALTO B VISTA,AV JOAQUIM CONSTANTINO,,,Base de empresas Leads2b,Prospect,Não Enriquecido,Junior Lopes,,0,,24/07/2025,17:06:23,19/05/2026,09:03:54,,,,,,,,,,,
2416,A5 Importadora Ltda,A5 Importadora Ltda,33666474000207,A5 Importadora Ltda,andre@a5distribuidora.com.br,(46) 3547-1532,DIONISIO CERQUEIRA,SC,89950000,CENTRO,RUA PRESIDENTE VARGAS,BOX 0035,,Base de empresas Leads2b,Prospect,Enriquecido,Junior Lopes,,1,29/07/2025,29/07/2025,16:23:22,29/07/2025,16:24:38,,,,,,,,,,,
2672,Prime Variedades Ltda,Prime Variedades Ltda,38091322000166,Prime Variedades Ltda,distribuidoraprime067@gmail.com,(67) 9313-2586,CAMPO GRANDE,MS,79093290,JARDIM SAO CONRADO,AVENIDA GENERAL ALBERTO CARLOS MENDONCA LIMA,,,Base de empresas Leads2b,Prospect,Enriquecido,Junior Lopes,,1,22/10/2025,22/10/2025,16:11:28,14/05/2026,10:59:23,,,,,,,,,,,
2674,Infinita Multicoisas Ltda,Infinita Multicoisas Ltda,32184030000191,JONATHAN JUSTE,null,(16) 99242-5257,SAO CARLOS,SP,13563651,JARDIM IPANEMA,AVENIDA ROMUALDO VILLANI,SALA 3,,Base de empresas Leads2b,Prospect,Enriquecido,Rayssa Karapeticov,,0,,23/10/2025,10:23:22,20/05/2026,16:37:35,,,WhatsappRayssa,,,,,,,,
2676,Bella & Co. Ltda,Bella & Co. Ltda,72344591000125,Bella & Co. Ltda,rogeriobaby@bellajanela.com.br,(47) 3221-3800,BLUMENAU,SC,89027000,PROGRESSO,RUA PROGRESSO,,,Base de empresas Leads2b,Prospect,Recontato,Rayssa Karapeticov,,3,,23/10/2025,11:50:56,19/11/2025,10:03:00,19/11/2025,Lead está sem interesse,WhatsappRayssa,,,,,,,,
2720,Big Universo Comercio Importacao E Exportacao Ltda,Big Universo Comercio Importacao E Exportacao Ltda,00715226000179,Big Universo Comercio Importacao E Exportacao Ltda,contasapagar@cliostyle.com.br,(21) 2221-8545,RIO DE JANEIRO,RJ,20081000,CENTRO,RUA ACRE,SAL 504,,Base de empresas Leads2b,Prospect,Não Enriquecido,Rayssa Karapeticov,,3,,31/10/2025,16:34:14,10/11/2025,11:40:38,10/11/2025,O contato foi perdido,,,,,,,,,
2694,Naxos Industria E Comercio De Utilidades Domesticas Ltda,Naxos Industria E Comercio De Utilidades Domesticas Ltda,05455435000144,Naxos Industria E Comercio De Utilidades Domesticas Ltda,naxos@naxos.net.br,(47) 3525-3040,RIO DO SUL,SC,89161000,BREMER,ESTRADA BLUMENAU,SETOR 1,,Base de empresas Leads2b,Prospect,Recontato,Rayssa Karapeticov,,3,,29/10/2025,17:47:15,19/11/2025,10:37:25,19/11/2025,Lead está sem interesse,WhatsappRayssa,,,,,,,,
2743,Engecer Ltda.,Engecer Ltda.,54830062000150,Engecer Ltda.,administracao@engecer.com.br,(16) 3362-6750,SAO CARLOS,SP,13562110,PLANALTO PARAISO,RUA NOSSA SENHORA AUXILIADORA,,,Base de empresas Leads2b,Prospect,Não Enriquecido,Rayssa Karapeticov,,3,,07/11/2025,16:29:02,24/11/2025,15:37:33,24/11/2025,Lead está sem interesse,WhatsappRayssa;fimzap,,,,,,,,
2802,Paulo teste ,Teste,,Paulo teste ,,(16) 99113-0077,,,,,,,,,Prospect,Não Enriquecido,Paulo Souza,,0,17/11/2025,17/11/2025,09:02:45,26/11/2025,11:10:37,,,fimzap;zapPaulo,,,,,,,,
2747,Buddy Toys Produtos De Pet Shop Ltda,Buddy Toys Produtos De Pet Shop Ltda,06248804000190,Buddy Toys Produtos De Pet Shop Ltda,nfe@buddytoys.com.br,(11) 5083-4075,SAO PAULO,SP,04127120,BOSQUE DA SAUDE,RUA SANTO IRINEU,,,Base de empresas Leads2b,Prospect,Não Enriquecido,Rayssa Karapeticov,,0,,10/11/2025,16:22:50,14/05/2026,15:26:19,,,WhatsappRayssa;fimzap,,,,,,,,
2780,Dona Chefa Artefatos De Aluminio Industria E Comercio Ltda,Dona Chefa Artefatos De Aluminio Industria E Comercio Ltda,19309173000114,Dona Chefa Artefatos De Aluminio Industria E Comercio Ltda,adm@adonachefa.com.br,(11) 2481-5521,GUARULHOS,SP,07224150,CIDADE INDUSTRIAL SATELITE SAO PAULO,RUA JOAO PEDRO BLUMENTHAL,,,Base de empresas Leads2b,Prospect,Enriquecido,Rayssa Karapeticov,,0,,14/11/2025,16:33:32,20/05/2026,16:37:35,,,WhatsappRayssa;fimzap,,,,,,,,
2830,Imperial Home Importadora De Produtos Para O Lar Ltda,Imperial Home Importadora De Produtos Para O Lar Ltda,27522519000196,Imperial Home Importadora De Produtos Para O Lar Ltda,lider.sc@oclider.com.br,(47) 3241-1400,SAO JOSE,SC,88106537,FORQUILHAS,RUA FRANCISCO JOSE FERREIRA,GALPAO 03,,Base de empresas Leads2b,Prospect,Enriquecido,Rayssa Karapeticov,,0,,19/11/2025,12:31:05,20/05/2026,16:37:35,,,WhatsappRayssa;fimzap,,,,,,,,
2832,Nature Flores Comercial Importadora E Exportadora Ltda,Nature Flores Comercial Importadora E Exportadora Ltda,05000437000300,Nature Flores Comercial Importadora E Exportadora Ltda,adiconta@uaivip.com.br,(31) 3412-0466,BELO HORIZONTE,MG,30720360,PADRE EUSTAQUIO,RUA HENRIQUE GORCEIX,,,Base de empresas Leads2b,Prospect,Enriquecido,Rayssa Karapeticov,,0,,19/11/2025,12:34:42,20/05/2026,16:37:37,,,WhatsappRayssa;fimzap,,,,,,,,
2693,D&a Decoracao E Ambientacao Ltda,D&a Decoracao E Ambientacao Ltda,08749430000201,Raphaèl Battista,raphaelpereira312@hotmail.com,(81) 99938-3585,JABOATAO DOS GUARARAPES,PE,54355057,MURIBECA,RUA RIACHAO,GP B MODULO 2A 3A 4A 5A 6A 12A 14A 15,,Base de empresas Leads2b,Prospect,Enriquecido,Rayssa Karapeticov,,0,,29/10/2025,17:27:24,20/05/2026,16:37:39,,,WhatsappRayssa,,,,,,,,
2783,Metalurgica Passala Ltda,Metalurgica Passala Ltda,09446216000150,Metalurgica Passala Ltda,contabildreher@foznet.com.br,(45) 3523-2381,FOZ DO IGUACU,PR,85869720,JARDIM DAS PALMEIRAS,RUA GUARUJA,,,Base de empresas Leads2b,Prospect,Enriquecido,Rayssa Karapeticov,,0,,14/11/2025,16:35:04,20/05/2026,16:37:39,,,WhatsappRayssa;fimzap,,,,,,,,
2833,Rafaela Kipper Perez Ltda,Rafaela Kipper Perez Ltda,04742145000119,Rafaela Kipper Perez Ltda,jwkipper@itapanni.com.br,(47) 3368-4411,ITAPEMA,SC,88220000,JD PRAIAMAR,RUA 460,FUNDOS,,Base de empresas Leads2b,Prospect,Enriquecido,Rayssa Karapeticov,,0,,19/11/2025,12:37:00,20/05/2026,16:37:39,,,WhatsappRayssa;fimzap,,,,,,,,
2786,Aramados Jomer Industria E Comercio Ltda,Aramados Jomer Industria E Comercio Ltda,06039749000129,Aramados Jomer Industria E Comercio Ltda,marcia@msscontabil.com.br,(11) 5051-1392,SAO PAULO,SP,05594130,JARDIM BONFIGLIOLI,R CLAUDIONOR ALVES BASTOS,LOJA 1,,Base de empresas Leads2b,Prospect,Enriquecido,Rayssa Karapeticov,,0,,14/11/2025,16:35:52,20/05/2026,16:37:41,,,WhatsappRayssa;fimzap,,,,,,,,
2707,D L Festas Comercial Ltda,D L Festas Comercial Ltda,14471476000204,D L Festas Comercial Ltda,gerencia@dlfestas.com,(11) 3107-3322,NAVEGANTES,SC,88371890,VOLTA GRANDE,RODOVIA INGO HERING,SALA 06,,Base de empresas Leads2b,Prospect,Enriquecido,Rayssa Karapeticov,,0,,30/10/2025,17:33:56,20/05/2026,16:37:42,,,WhatsappRayssa;fimzap,,,,,,,,
2835,Otima Comercio Atacadista De Produtos E Importadora Ltda,Otima Comercio Atacadista De Produtos E Importadora Ltda,32302659000199,Otima Comercio Atacadista De Produtos E Importadora Ltda,adriana@seularprodutos.com.br,(21) 2527-7272,RIO DE JANEIRO,RJ,23520241,SANTA CRUZ,ESTRADA DA PEDRA,LOT 10 PAL 21840 QDR 5,,Base de empresas Leads2b,Prospect,Enriquecido,Rayssa Karapeticov,,0,,19/11/2025,12:38:43,20/05/2026,16:37:42,,,WhatsappRayssa;fimzap,,,,,,,,
2789,Fumil Limitada,Fumil Limitada,20161337000198,Fumil Limitada,null,(037) 2141-144,DIVINOPOLIS,MG,35502285,C.I.CEL.JOV.RABELO,R PREFEITO ANTONIO MARTINS GUIMARAES,,,Base de empresas Leads2b,Prospect,Enriquecido,Rayssa Karapeticov,,0,,14/11/2025,16:37:33,20/05/2026,16:37:44,,,WhatsappRayssa;fimzap,,,,,,,,
2716,V. Madalozzo & Cia Ltda,V. Madalozzo & Cia Ltda,10257550000306,Thiago ,nfe@importadoracascavel.com.br,(45) 9103-2451,ITAJAI,SC,88316301,ITAIPAVA,AV ITAIPAVA,ARMZ 02 ANDAR 01,,Base de empresas Leads2b,Prospect,Enriquecido,Rayssa Karapeticov,,0,,30/10/2025,17:47:07,20/05/2026,16:37:45,,,WhatsappRayssa,,,,,,,,
2841,Requia E Camargo Distribuidora De Utilidades Ltda,Requia E Camargo Distribuidora De Utilidades Ltda,05618882000177,Requia E Camargo Distribuidora De Utilidades Ltda,lcto@infoway.com.br,(55) 2231-635,SANTA MARIA,RS,97090590,JOAO GOULART,R FONTOURA ILHA,,,Base de empresas Leads2b,Prospect,Enriquecido,Rayssa Karapeticov,,0,,21/11/2025,16:47:46,20/05/2026,16:37:45,,,WhatsappRayssa;fimzap,,,,,,,,
2791,Douglas Rossetti,Douglas Rossetti,13021385000115,Douglas Rossetti,adjcont@uol.com.br,(19) 3893-3333,PEDREIRA,SP,13920000,JARDIM TRIUNFO 79,RUA LUIZ PIRES DE FARIA,,,Base de empresas Leads2b,Prospect,Enriquecido,Rayssa Karapeticov,,0,,14/11/2025,16:38:33,20/05/2026,16:37:46,,,WhatsappRayssa;fimzap,,,,,,,,
2722,Ying Fa Comercio Exterior Ltda.,Ying Fa Comercio Exterior Ltda.,08932421000162,Ying Fa Comercio Exterior Ltda.,robsondoria@predialnet.com.br,(21) 2771-2188,RIO DE JANEIRO,RJ,21040282,BONSUCESSO,RUA DA PROCLAMACAO,,,Base de empresas Leads2b,Prospect,Enriquecido,Rayssa Karapeticov,,0,,31/10/2025,16:40:33,20/05/2026,16:37:47,,,WhatsappRayssa;fimzap,,,,,,,,
2845,Diceart Comercio De Porcelanas Ltda,Diceart Comercio De Porcelanas Ltda,00829520000101,Diceart Comercio De Porcelanas Ltda,compras@diceart.com.br,(47) 3344-3239,ITAJAI,SC,88307326,RESSACADA,RUA NIVALDO DETOIE,,,Base de empresas Leads2b,Prospect,Enriquecido,Rayssa Karapeticov,,0,,21/11/2025,16:49:54,20/05/2026,16:37:48,,,WhatsappRayssa;fimzap,,,,,,,,
2792,Irmaos M.p.r Aluminio - Industria E Comercio Ltda,Irmaos M.p.r Aluminio - Industria E Comercio Ltda,07381234000175,Irmaos M.p.r Aluminio - Industria E Comercio Ltda,atendimento@mpaluminio.com.br,(11) 2754-2501,SAO PAULO,SP,08340290,JARDIM VILA CARRAO,RUA MACIEL ARANHA,,,Base de empresas Leads2b,Prospect,Enriquecido,Rayssa Karapeticov,,0,,14/11/2025,16:40:00,20/05/2026,16:37:49,,,WhatsappRayssa;fimzap,,,,,,,,
2735,Fish Utilidades Domesticas Ltda,Fish Utilidades Domesticas Ltda,08877308000121,Fish Utilidades Domesticas Ltda,vendas@fishutilidades.com.br,(14) 3018-4074,BAURU,SP,17047090,VILA ENGLER,RUA DOUTOR GONZAGA MACHADO,,,Base de empresas Leads2b,Prospect,Enriquecido,Rayssa Karapeticov,,0,,06/11/2025,13:01:46,20/05/2026,16:37:50,,,WhatsappRayssa;fimzap,,,,,,,,
2852,2a Ceramica E Moveis Ltda,2a Ceramica E Moveis Ltda,17418896000126,2a Ceramica E Moveis Ltda,contato@2aceramica.com.br,(19) 3581-3281,PORTO FERREIRA,SP,13660480,JARDIM SANTA MARTA,R REINALDO MASSONETO,,,Base de empresas Leads2b,Prospect,Enriquecido,Rayssa Karapeticov,,0,,24/11/2025,10:34:36,20/05/2026,16:37:51,,,WhatsappRayssa;fimzap,,,,,,,,
2794,Industria E Comercio De Aluminios Reluz Ltda,Industria E Comercio De Aluminios Reluz Ltda,82528209000197,Industria E Comercio De Aluminios Reluz Ltda,aluminiosreluz@hotmail.com,(46) 3523-3843,FRANCISCO BELTRAO,PR,85601970,SADIA,ESTRADA LINHA TRITON,MODULO 10,,Base de empresas Leads2b,Prospect,Enriquecido,Rayssa Karapeticov,,0,,14/11/2025,16:40:40,20/05/2026,16:37:52,,,WhatsappRayssa;fimzap,,,,,,,,
2737,Alves Plastic Ltda,Alves Plastic Ltda,08670420000197,VILMAR ALVES,null,(47) 9698-0312,GASPAR,SC,89112670,GASPAR MIRIM,R RODOLFO VIEIRA PAMPLONA,,,Base de empresas Leads2b,Prospect,Enriquecido,Rayssa Karapeticov,,0,,06/11/2025,13:05:02,20/05/2026,16:37:55,,,WhatsappRayssa;fimzap,,,,,,,,
2796,Junielly Duarte Candeia,Junielly Duarte Candeia,17042138000156,Junielly Duarte Candeia,jclemerson@hotmail.com,(83) 3421-8180,PATOS,PB,58706310,SAO SEBASTIAO,RUA LIMA CAMPOS,,,Base de empresas Leads2b,Prospect,Enriquecido,Rayssa Karapeticov,,0,,14/11/2025,16:46:18,20/05/2026,16:37:55,,,WhatsappRayssa;fimzap,,,,,,,,
2855,Cristais Sao Marcos Ltda,Cristais Sao Marcos Ltda,23645492000178,Cristais Sao Marcos Ltda,contabil4@cristaissaomarcos.com.br,(35) 3697-1892,POCOS DE CALDAS,MG,37704369,VILA CRUZ,AVENIDA SILVIO MONT DOS SANTOS,,,Base de empresas Leads2b,Prospect,Enriquecido,Rayssa Karapeticov,,0,,24/11/2025,10:44:18,20/05/2026,16:37:55,,,WhatsappRayssa;fimzap,,,,,,,,
2740,Ecovaso Industria Comercio Artefatos Plasticos P Ltda,Ecovaso Industria Comercio Artefatos Plasticos P Ltda,09303087000140,Ecovaso Industria Comercio Artefatos Plasticos P Ltda,comercial@ecovaso.com.br,(19) 3839-9114,JAGUARIUNA,SP,13916875,BORDA DA MATA,"ROD PREFEITO AZIZ LIAN (SP 107) KM 28,8",CXPST 264,,Base de empresas Leads2b,Prospect,Enriquecido,Rayssa Karapeticov,,0,,06/11/2025,13:10:06,20/05/2026,16:37:57,,,WhatsappRayssa;fimzap,,,,,,,,
2797,Industria & Comercio De Artefatos De Aluminios Teixeira Ltda,Industria & Comercio De Artefatos De Aluminios Teixeira Ltda,42610150000167,Industria & Comercio De Artefatos De Aluminios Teixeira Ltda,processo@investconsult.com.br,(27) 9917-9651,CARIACICA,ES,29142327,BELA VISTA,RUA DEZENOVE,PAVMTO01 BLOCO 01,,Base de empresas Leads2b,Prospect,Enriquecido,Rayssa Karapeticov,,0,,14/11/2025,16:50:47,20/05/2026,16:37:59,,,WhatsappRayssa;fimzap,,,,,,,,
2750,Marbel - Industria E Comercio De Artefatos De Plastico Ltda.,Marbel - Industria E Comercio De Artefatos De Plastico Ltda.,06323871000122,Marbel - Industria E Comercio De Artefatos De Plastico Ltda.,marbel@marbelplast.com.br,(19) 3856-4463,VINHEDO,SP,13288166,DISTRITO INDUSTRIAL BENEDITO STORANI,RUA FRANCISCO FOGA,,,Base de empresas Leads2b,Prospect,Enriquecido,Rayssa Karapeticov,,0,,10/11/2025,17:34:40,20/05/2026,16:38:00,,,WhatsappRayssa;fimzap,,,,,,,,
2859,Antonini Comercial E Distribuidora Em Ltda,Antonini Comercial E Distribuidora Em Ltda,21031992000194,Antonini Comercial E Distribuidora Em Ltda,marilza@cristaissaomarcos.com.br,(35) 3697-1892,POCOS DE CALDAS,MG,37704722,BORTOLAN,AV MANSUR FRAYHA,SALA 01,,Base de empresas Leads2b,Prospect,Enriquecido,Rayssa Karapeticov,,0,,24/11/2025,10:45:17,20/05/2026,16:38:00,,,WhatsappRayssa;fimzap,,,,,,,,
2799,Florencio Industria De Panelas Ltda,Florencio Industria De Panelas Ltda,43772261000132,Florencio Industria De Panelas Ltda,cadastro@escritorioexcelsior.com.br,(44) 8819-2713,CAMBE,PR,86185370,PARQUE RESIDENCIAL MANELA,RUA BENJAMIN CONSTANT,BRCAO 3,,Base de empresas Leads2b,Prospect,Enriquecido,Rayssa Karapeticov,,0,,14/11/2025,16:51:25,20/05/2026,16:38:01,,,WhatsappRayssa;fimzap,,,,,,,,
2861,Goods Br Distribuidora Ltda.,Goods Br Distribuidora Ltda.,09156443000140,Goods Br Distribuidora Ltda.,goodsbr@goodsbr.com.br,(54) 3295-5300,GRAMADO,RS,95678314,VARZEA GRANDE 1O DE MAIO,AVENIDA PRIMEIRO DE MAIO,PAVLH 01,,Base de empresas Leads2b,Prospect,Enriquecido,Rayssa Karapeticov,,0,,24/11/2025,10:56:51,20/05/2026,16:38:02,,,WhatsappRayssa;fimzap,,,,,,,,
2763,Linhavix Distribuidora Ltda,Linhavix Distribuidora Ltda,20857514000337,Linhavix Distribuidora Ltda,ramon@linhavix.com.br,(27) 3347-1000,VITORIA,ES,29090100,JARDIM CAMBURI,R GELU VERVLOET DOS SANTOS,EDIF GREEN RESIDENCE LOJA 01 E LOJA 02,,Base de empresas Leads2b,Prospect,Enriquecido,Rayssa Karapeticov,,0,,13/11/2025,16:43:39,20/05/2026,16:38:04,,,WhatsappRayssa;fimzap,,,,,,,,
2806,Alnoor Comercial Importadora Ltda,Alnoor Comercial Importadora Ltda,14194208000101,Alnoor Comercial Importadora Ltda,vendas@alnoor.com.br,(47) 2125-8303,ITAJAI,SC,88312050,SAO VICENTE,RUA ISRAEL DE ALMEIDA,LOTE 141 BOX 17,,Base de empresas Leads2b,Prospect,Enriquecido,Rayssa Karapeticov,,0,,17/11/2025,11:43:05,20/05/2026,16:38:05,,,WhatsappRayssa;fimzap,,,,,,,,
2864,Vylux Comercio De Artigos Para Decoracao Ltda,Vylux Comercio De Artigos Para Decoracao Ltda,09145586000157,Vylux Comercio De Artigos Para Decoracao Ltda,legalizacao@contfarias.com,(13) 3345-1783,ITAQUAQUECETUBA,SP,08597690,UNA,ESTRADA ALBERTO HINOTO,GALPAO101,,Base de empresas Leads2b,Prospect,Enriquecido,Rayssa Karapeticov,,0,,24/11/2025,11:25:03,20/05/2026,16:38:05,,,WhatsappRayssa;fimzap,,,,,,,,
2765,Fundidos De Minas Ltda.,Fundidos De Minas Ltda.,28804247000180,Fundidos De Minas Ltda.,soma@escritoriodomarcilio.com.br,(37) 3381-1628,CLAUDIO,MG,35530000,POVOADO DA ROCINHA,ROD MG 260,KM 27,,Base de empresas Leads2b,Prospect,Enriquecido,Rayssa Karapeticov,,0,,14/11/2025,16:11:11,20/05/2026,16:38:08,,,WhatsappRayssa;fimzap,,,,,,,,
2808,Santa Cruz Comercio Atacadista De Artigos Recreativos Ltda,Santa Cruz Comercio Atacadista De Artigos Recreativos Ltda,02074066000151,Santa Cruz Comercio Atacadista De Artigos Recreativos Ltda,financeiro@santacruzatacadista.com.br,(61) 3363-8118,BRASILIA,DF,71250710,ZONA INDUSTRIAL (GUARA),SETOR SCIA QUADRA 8 CONJUNTO 8,LOTE 04 E 05 PARTE A,,Base de empresas Leads2b,Prospect,Enriquecido,Rayssa Karapeticov,,0,,17/11/2025,11:46:24,20/05/2026,16:38:09,,,WhatsappRayssa;fimzap,,,,,,,,
2866,Aluminio Fort Lar Industria E Comercio De Artefatos De Aluminio Ltda,Aluminio Fort Lar Industria E Comercio De Artefatos De Aluminio Ltda,54246657000162,Aluminio Fort Lar Industria E Comercio De Artefatos De Aluminio Ltda,financeiro@fortlar.com.br,(16) 2109-2400,ARARAQUARA,SP,14807415,JARDIM PORTUGAL,AVENIDA MAJOR ANTONIO MARIANO BORBA,,,Base de empresas Leads2b,Prospect,Enriquecido,Rayssa Karapeticov,,0,,24/11/2025,16:29:57,20/05/2026,16:38:09,,,WhatsappRayssa;fimzap,,,,,,,,
2767,Eliza Industria Metalurgica E Comercio Ltda,Eliza Industria Metalurgica E Comercio Ltda,09329839000142,Eliza Industria Metalurgica E Comercio Ltda,sac@elizachurrasqueiras.com.br,(32) 3573-2783,PIRAUBA,MG,36170000,CENTRO,R GUARUPEMBE,: FUNDOS;,,Base de empresas Leads2b,Prospect,Enriquecido,Rayssa Karapeticov,,0,,14/11/2025,16:13:55,20/05/2026,16:38:11,,,WhatsappRayssa;fimzap,,,,,,,,
2811,Demelo Comercio Importacao E Exportacao Ltda,Demelo Comercio Importacao E Exportacao Ltda,03241308000117,Demelo Comercio Importacao E Exportacao Ltda,demelo@demelo.com.br,(79) 2106-0700,ARACAJU,SE,49015250,SAO JOSE,RUA ARAUA,,,Base de empresas Leads2b,Prospect,Enriquecido,Rayssa Karapeticov,,0,,17/11/2025,16:41:14,20/05/2026,16:38:12,,,WhatsappRayssa;fimzap,,,,,,,,
2869,Guedes Aluminio Araraquara Ltda,Guedes Aluminio Araraquara Ltda,73130551000143,Guedes Aluminio Araraquara Ltda,comercial@guedesaluminio.com.br,(16) 3331-2474,ARARAQUARA,SP,14808140,5O DISTRITO INDUSTRIAL,AVENIDA MIGUEL AIELLO,,,Base de empresas Leads2b,Prospect,Enriquecido,Rayssa Karapeticov,,0,,24/11/2025,16:37:05,20/05/2026,16:38:12,,,WhatsappRayssa;fimzap,,,,,,,,
2769,Gumege Aluminio Ltda,Gumege Aluminio Ltda,24832582000130,Gumege Aluminio Ltda,contatogumege@gmail.com,(16) 3358-0415,ARARAQUARA,SP,14807415,JARDIM PORTUGAL,AVENIDA MAJOR ANTONIO MARIANO BORBA,,,Base de empresas Leads2b,Prospect,Enriquecido,Rayssa Karapeticov,,0,,14/11/2025,16:15:21,20/05/2026,16:38:14,,,WhatsappRayssa;fimzap,,,,,,,,
2871,Durapets Comercio De Acessorios Para Animais Ltda,Durapets Comercio De Acessorios Para Animais Ltda,19239558000233,Durapets Comercio De Acessorios Para Animais Ltda,contador@durapets.com.br,(16) 3322-5000,ARARAQUARA,SP,14808165,8º DISTRITO INDUSTRIAL,RUA PEDRO JOSE LAROCA,GALPAO1-2-3-4-5,,Base de empresas Leads2b,Prospect,Enriquecido,Rayssa Karapeticov,,0,,24/11/2025,16:38:56,20/05/2026,16:38:15,,,WhatsappRayssa;fimzap,,,,,,,,
2819,Ldl Importacao E Exportacao Ltda,Ldl Importacao E Exportacao Ltda,60415819000141,Ldl Importacao E Exportacao Ltda,lidianechen@grupobbr.com,(21) 9777-6541,ITAJAI,SC,88305610,BARRA DO RIO,RUA ALFREDO EIKE JUNIOR,SALA 2 BOX 29,,Base de empresas Leads2b,Prospect,Enriquecido,Rayssa Karapeticov,,0,,18/11/2025,15:21:01,20/05/2026,16:38:17,,,WhatsappRayssa;fimzap,,,,,,,,
2875,Incofap Industria E Comercio De Farinhas De Penas Ltda,Incofap Industria E Comercio De Farinhas De Penas Ltda,46711974000184,Incofap Industria E Comercio De Farinhas De Penas Ltda,contabilidade@incofap.com.br,(16) 3343-2790,SAO CARLOS,SP,13579000,DISTRITO DE SANTA EUDOXIA,ESTRADA ABEL TERRUGI KM 15,CXPST 408,,Base de empresas Leads2b,Prospect,Enriquecido,Rayssa Karapeticov,,0,,25/11/2025,14:44:04,20/05/2026,16:38:17,,,WhatsappRayssa;fimzap,,,,,,,,
2772,Metalurgica Cozla Ltda,Metalurgica Cozla Ltda,30841603000187,Metalurgica Cozla Ltda,edson@cozla.com.br,(51) 8179-1184,SANTA CRUZ DO SUL,RS,96835023,ESMERALDA,AVENIDA DEPUTADO EUCLYDES NICOLAU KLIEMANN,SALA 01,,Base de empresas Leads2b,Prospect,Enriquecido,Rayssa Karapeticov,,0,,14/11/2025,16:16:02,20/05/2026,16:38:18,,,WhatsappRayssa;fimzap,,,,,,,,
2822,Sea Comercio Importacao E Exportacao Ltda,Sea Comercio Importacao E Exportacao Ltda,25080310000194,Sea Comercio Importacao E Exportacao Ltda,legalizacao@legfisco.com.br,(11) 2025-6420,SAO PAULO,SP,03080010,TATUAPE,RUA IVAI,FUNDOSFUNDOS,,Base de empresas Leads2b,Prospect,Enriquecido,Rayssa Karapeticov,,0,,19/11/2025,11:43:52,20/05/2026,16:38:21,,,WhatsappRayssa;fimzap,,,,,,,,
2774,A. H. De Souza Malavazi - Industria,A. H. De Souza Malavazi - Industria,21833387000137,A. H. De Souza Malavazi - Industria,cadastro@escritorioexcelsior.com.br,(44) 9171-3472,MARINGA,PR,87053370,CONJUNTO JOAO DE BARRO CIDADE CANCAO,RUA SEVERO DE FARIA FRANCO,,,Base de empresas Leads2b,Prospect,Enriquecido,Rayssa Karapeticov,,0,,14/11/2025,16:18:23,20/05/2026,16:38:22,,,WhatsappRayssa;fimzap,,,,,,,,
2825,F.r.m.s. Importadora Ltda,F.r.m.s. Importadora Ltda,69057941000168,F.r.m.s. Importadora Ltda,boss@frontierimportadora.com.br,(17) 3202-9600,SAO JOSE DO RIO PRETO,SP,15015700,CENTRO,AVENIDA BADY BASSITT,,,Base de empresas Leads2b,Prospect,Enriquecido,Rayssa Karapeticov,,0,,19/11/2025,11:51:22,20/05/2026,16:38:25,,,WhatsappRayssa;fimzap,,,,,,,,
2775,Metalurgica Carola Ltda,Metalurgica Carola Ltda,25897620000104,Metalurgica Carola Ltda,carola@metalurgicacarola.com.br,(37) 3244-1455,CARMO DO CAJURU,MG,35557000,JARDIM ALVORADA,RUA OITO,,,Base de empresas Leads2b,Prospect,Enriquecido,Rayssa Karapeticov,,0,,14/11/2025,16:21:43,20/05/2026,16:38:27,,,WhatsappRayssa;fimzap,,,,,,,,
2827,Brilliant Comercio Importacao E Exportacao Ltda,Brilliant Comercio Importacao E Exportacao Ltda,20702662000110,Brilliant Comercio Importacao E Exportacao Ltda,brilliant-br@hotmail.com,(11) 3316-1442,SAO PAULO,SP,03020000,CATUMBI,R MARCOS ARRUDA,,,Base de empresas Leads2b,Prospect,Enriquecido,Rayssa Karapeticov,,0,,19/11/2025,11:56:30,20/05/2026,16:38:29,,,WhatsappRayssa;fimzap,,,,,,,,
2777,Ndr - Industria De Aramados Ltda,Ndr - Industria De Aramados Ltda,11087596000125,Ndr - Industria De Aramados Ltda,itacon01@yahoo.com.br,(37) 3384-1532,ITAGUARA,MG,35488000,MANOEL FERREIRA,RUA LUIZ DE PAULA SILVEIRA,,,Base de empresas Leads2b,Prospect,Enriquecido,Rayssa Karapeticov,,0,,14/11/2025,16:32:09,20/05/2026,16:38:32,,,WhatsappRayssa;fimzap,,,,,,,,
2699,Linares Industria E Comercio Ltda,Linares Industria E Comercio Ltda,24958693000198,PAULA FERNANDA MARQUES LINARES CORREA,null,(19) 98460-0414,MOGI GUACU,SP,13840127,JARDIM JACIRA,RUA SALVADOR FRANCO DE GODOY,,,Base de empresas Leads2b,Prospect,Enriquecido,Rayssa Karapeticov,,2,,30/10/2025,12:56:42,20/05/2026,16:38:36,,,WhatsappRayssa;fimzap,,,,,,,,
2701,Sergio,Aluminio Ararense Ltda,44212108000113,Sergio,sergio@aluminioararense.com.br,(19) 99213-8777,ARARAS,SP,13601270,JARDIM NOVA ARARAS,AVENIDA BRASIL,,,Base de empresas Leads2b,Prospect,Enriquecido,Rayssa Karapeticov,,2,,30/10/2025,13:14:55,20/05/2026,16:38:36,,,WhatsappRayssa,,,,,,,,
2708,Adriane Baroncello & Cia. Ltda,Adriane Baroncello & Cia. Ltda,04316875000158,Marcilei,jung@cpnet.com.br,(49) 8411-1795,CUNHA PORA,SC,89890000,ACESSO,RODOVIA BR 158,KM 109,,Base de empresas Leads2b,Prospect,Enriquecido,Rayssa Karapeticov,,2,,30/10/2025,17:41:02,20/05/2026,16:38:36,,,WhatsappRayssa,,,,,,,,
2908,Rrister Imports Ltda,Rrister Imports Ltda,24259537000139,Rrister Imports Ltda,lucimara@rristerimports.com.br,(19) 3597-1150,RIO CLARO,SP,13503009,JARDIM SAO PAULO,R 24,SALA 3,,Base de empresas Leads2b,Prospect,Não Enriquecido,Paulo Souza,,0,,28/11/2025,08:31:22,04/12/2025,09:14:47,,,fimzap;zapPaulo,,,,,,,,
2921,Asca Brinquedos Ltda,Asca Brinquedos Ltda,53736161000104,Asca Brinquedos Ltda,beteghelli@beteghelli.com.br,(19) 3541-3277,ARARAS,SP,13602051,DISTR. INDL. II,RUA ANTONIO CANTIERO,,,Base de empresas Leads2b,Prospect,Enriquecido,Rayssa Karapeticov,,0,,01/12/2025,11:14:55,20/05/2026,16:37:35,,,WhatsappRayssa;fimzap,,,,,,,,
2923,Bee Toys Industria E Comercio De Brinquedos Ltda.,Bee Toys Industria E Comercio De Brinquedos Ltda.,14739717000164,Bee Toys Industria E Comercio De Brinquedos Ltda.,compras@beetoys.com.br,(15) 3283-7920,LARANJAL PAULISTA,SP,18500000,SAO JOAO,RUA JOEL ELIAS SILVEIRA LEITE,,,Base de empresas Leads2b,Prospect,Enriquecido,Rayssa Karapeticov,,0,,01/12/2025,11:37:18,20/05/2026,16:37:39,,,,,,,,,,,
2928,Brinquedos Bandeirante Sa,Brinquedos Bandeirante Sa,61068557000582,Brinquedos Bandeirante Sa,contabil@brinquedosbandeirante.com.br,(11) 4674-7244,FERRAZ DE VASCONCELOS,SP,08536440,JARDIM SANTA ROSA,ESTRADA DO BANDEIRANTE,,,Base de empresas Leads2b,Prospect,Enriquecido,Rayssa Karapeticov,,0,,01/12/2025,11:51:19,20/05/2026,16:37:42,,,WhatsappRayssa;fimzap,,,,,,,,
2929,Brinquedos Divplast Ltda,Brinquedos Divplast Ltda,59920405000190,Brinquedos Divplast Ltda,evolucao@evolucaoitu.com.br,(11) 4022-0161,ITU,SP,13314899,ITAIM,ESTRADA MUNICIPAL ITU-080,ANEXO SITIO BOA ESPERANCA,,Base de empresas Leads2b,Prospect,Enriquecido,Rayssa Karapeticov,,0,,01/12/2025,11:58:17,20/05/2026,16:37:45,,,,,,,,,,,
2931,Cotiplas Ind E Comercio De Artefatos Plasticos Ltda,Cotiplas Ind E Comercio De Artefatos Plasticos Ltda,48725956000187,CARLOS ALBERTO BAZZO,null,(15) 99626-1261,LARANJAL PAULISTA,SP,18500000,SAO JOAO,RODOVIA MARECHAL RONDON,KM 179.600,,Base de empresas Leads2b,Prospect,Enriquecido,Rayssa Karapeticov,,0,,01/12/2025,12:07:26,20/05/2026,16:37:47,,,WhatsappRayssa;fimzap,,,,,,,,
2938,Dismat - Industria De Brinquedos Ltda,Dismat - Industria De Brinquedos Ltda,90987595000103,Dismat - Industria De Brinquedos Ltda,financeiro@dismat.com.br,(54) 3283-9900,CAXIAS DO SUL,RS,95060060,ANA RECH,RUA ANGELO TORRESINI,,,Base de empresas Leads2b,Prospect,Enriquecido,Rayssa Karapeticov,,0,,01/12/2025,12:16:26,20/05/2026,16:37:51,,,,,,,,,,,
2942,Irmaos Dalaneze Ltda,Irmaos Dalaneze Ltda,66659129000114,ADILSON DALANEZI,comercial@adijomar.com.br,(15) 3383-9700,LARANJAL PAULISTA,SP,18506110,INDAGUASSU,ESTM JOAO HERMANO PESSIN,KM 600 METROS,,Base de empresas Leads2b,Prospect,Enriquecido,Rayssa Karapeticov,,0,,01/12/2025,12:40:50,20/05/2026,16:37:52,,,WhatsappRayssa;fimzap,,,,,,,,
2946,Fenix Manufatura De Brinquedos E Artigos Esportivos Ltda,Fenix Manufatura De Brinquedos E Artigos Esportivos Ltda,71953335000172,Adriana YEH HSIEH LI LI,adriana@fenixbrinquedos.com.br,(11) 4657-0710,ARUJA,SP,07411750,CENTRO INDUSTRIAL DE ARUJA,AVENIDA OSAKA,,,Base de empresas Leads2b,Prospect,Enriquecido,Rayssa Karapeticov,,0,,01/12/2025,16:12:09,20/05/2026,16:37:56,,,WhatsappRayssa;fimzap,,,,,,,,
2949,Elka Plasticos Ltda,Elka Plasticos Ltda,60643293000157,Elka Plasticos Ltda,elka@elka.com.br,(11) 2238-5500,SAO PAULO,SP,02520000,PARQUE PERUCHE,AVENIDA CASA VERDE,,,Base de empresas Leads2b,Prospect,Enriquecido,Rayssa Karapeticov,,0,,01/12/2025,16:57:39,20/05/2026,16:38:00,,,,,,,,,,,
2959,Brinquedos Cometa Ltda,Brinquedos Cometa Ltda,22647880000125,Brinquedos Cometa Ltda,carolcovolan@hotmail.com,(15) 9806-6121,LARANJAL PAULISTA,SP,18509899,ESTRELA,ESTRADA MUNICIPAL JOAO PIRES DE CAMPOS,GALPAOB - KM 0.16,,Base de empresas Leads2b,Prospect,Enriquecido,Rayssa Karapeticov,,0,,04/12/2025,16:28:04,20/05/2026,16:38:04,,,,,,,,,,,
2915,Anjo - Industria E Comercio De Brinquedos Ltda,Anjo - Industria E Comercio De Brinquedos Ltda,00480542000109,JOAO GILBERTO GHIRALDI,sac@brinquedosanjo.com.br,(15) 99688-6014,SAO PAULO,SP,03166001,MOOCA,RUA TAQUARI,ANDAR TERREO,,Base de empresas Leads2b,Prospect,Enriquecido,Rayssa Karapeticov,,0,,01/12/2025,10:51:32,20/05/2026,16:38:21,,,WhatsappRayssa;fimzap,,,,,,,,
2917,G Z Toys Industria E Comercio De Brinquedos Ltda,G Z Toys Industria E Comercio De Brinquedos Ltda,09007738000155,GERALDO ZINATO,supervisor@apolobrinquedos.com.br,(11) 99381-7823,SAO PAULO,SP,08260130,ITAQUERA,RUA HISAJI MORITA,LOTE 223,,Base de empresas Leads2b,Prospect,Enriquecido,Rayssa Karapeticov,,0,,01/12/2025,11:06:08,20/05/2026,16:38:25,,,WhatsappRayssa;fimzap,,,,,,,,
2962,Brinquedos Maralex Ltda,Brinquedos Maralex Ltda,57824161000117,MIGUEL LUIZ COVOLAN,vendas@maralex.com.br,(15) 99148-6769,LARANJAL PAULISTA,SP,18509899,ESTRELA,EST MUNICIPAL JOAO PIRES DE CAMPOS,GALPAOA - KM 0.16,,Base de empresas Leads2b,Prospect,Enriquecido,Rayssa Karapeticov,,0,,04/12/2025,17:09:45,20/05/2026,17:13:12,,,WhatsappRayssa;fimzap,,,,,,,,
3038,Nov!plast Industria E Comercio De Plasticos Ltda,Nov!plast Industria E Comercio De Plasticos Ltda,60089566000163,LARISSA DE MORAIS FELIX,null,(19) 99612-7250,PEDREIRA,SP,13920308,JARDIM SAO JORGE,RUA DAIBES BELLIX,,,Base de empresas Leads2b,Prospect,Não Enriquecido,Rayssa Karapeticov,,3,,06/01/2026,15:07:36,12/01/2026,09:00:27,07/01/2026,Lead está sem interesse,fimzap,,,,,,,,
3031,Chazak Ve Ematz Comercial Importadoras E Exportadoras Ltda,Chazak Ve Ematz Comercial Importadoras E Exportadoras Ltda,09609048000176,ALEXSANDRO ABDALA COSTA,null,(47) 99202-4791,BALNEARIO CAMBORIU,SC,88330795,CENTRO,RUA 1301,SALA 702 ESQ. C/ AV DO ESTADO,,Base de empresas Leads2b,Prospect,Enriquecido,Rayssa Karapeticov,,1,19/05/2026,06/01/2026,14:59:35,19/05/2026,11:50:59,,,WhatsappRayssa;fimzap,,,,,,,,
3171,Mabel Comercio De Importados Ltda,Mabel Comercio De Importados Ltda,00527682000780,Mabel Comercio De Importados Ltda,ana.brito@17import.com.br,(11) 3315-0052,SAO PAULO,SP,01026001,CENTRO,AVENIDA SEN QUEIROS,ANEXO 507,,Base de empresas Leads2b,Prospect,Enriquecido,Rayssa Karapeticov,,0,,23/01/2026,17:37:20,20/05/2026,16:58:17,,,,,,,,,,,
3157,Maria,M S Oliveira Silva Ltda,12439838000165,Maria,planecbr@hotmail.com,(75) 98852-8922,FEIRA DE SANTANA,BA,44031245,PAMPALONA,RUA MARILANDIA,CASA,,Base de empresas Leads2b,Prospect,Enriquecido,Rayssa Karapeticov,,0,,22/01/2026,12:00:48,20/05/2026,17:01:39,,,WhatsappRayssa;fimzap,,,,,,,,
3156,Senhores,Aluminio Sao Jorge Ltda,44207496000225,Senhores,null,(11) 99144-9989,CUIABA,MT,78028080,COOPHAMIL,AVENIDA MANOEL RAMOS LINO,SALA 02,,Base de empresas Leads2b,Prospect,Enriquecido,Rayssa Karapeticov,,0,,22/01/2026,11:58:29,20/05/2026,17:02:01,,,WhatsappRayssa;fimzap,,,,,,,,
3034,H8 Comercio Importacao E Exportacao Sociedade Unipessoal Limitada,H8 Comercio Importacao E Exportacao Sociedade Unipessoal Limitada,00014972000135,ADRIANA APARECIDA CARVALHO HSIEH,null,(11) 96977-6755,SAO PAULO,SP,03110030,MOOCA,ALAMEDA RUBIAO JUNIOR,,,Base de empresas Leads2b,Prospect,Enriquecido,Rayssa Karapeticov,,0,,06/01/2026,15:05:45,20/05/2026,17:02:09,,,WhatsappRayssa;fimzap,,,,,,,,
3026,Pleion Industria E Comercio De Plasticos Ltda,Pleion Industria E Comercio De Plasticos Ltda,65910689000137,LAVINIA ALMIRA DE LIRA,null,(11) 4162-6210,BARUERI,SP,06443009,VOTUPOCA,AV GRIMALDO TOLAINI,955,,Base de empresas Leads2b,Prospect,Enriquecido,Rayssa Karapeticov,,0,,06/01/2026,14:52:49,20/05/2026,17:12:52,,,fimzap,,,,,,,,
3024,Axial Atacadista Ltda,Axial Atacadista Ltda,48259769000155,Axial Atacadista Ltda,luiz.af.ramiro@gmail.com,(21) 3411-3425,RIO DE JANEIRO,RJ,22640904,BARRA DA TIJUCA,AVENIDA DAS AMERICAS,BLC 6 SAL 205,,Base de empresas Leads2b,Prospect,Enriquecido,Rayssa Karapeticov,,0,,06/01/2026,14:49:34,20/05/2026,17:12:59,,,WhatsappRayssa;fimzap,,,,,,,,
3022,Santorini Atacadista Ltda,Santorini Atacadista Ltda,46310480000198,Santorini Atacadista Ltda,luiz.chagas10@gmail.com,(21) 9673-7575,RIO DE JANEIRO,RJ,20011901,CENTRO,RUA DA ASSEMBLEIA,SAL 2221,,Base de empresas Leads2b,Prospect,Enriquecido,Rayssa Karapeticov,,0,,06/01/2026,14:46:11,20/05/2026,17:13:06,,,WhatsappRayssa;fimzap,,,,,,,,
4194,Paperbox Do Brasil Ltda,Paperbox Do Brasil Ltda,41236895000145,Paperbox Do Brasil Ltda,joamar.contabilidade@hotmail.com,(14) 9792-3479,AVARE,SP,18701141,IPIRANGA,RUA MAESTRO AMILCAR,BRCAO BARRACAO,,Base de empresas Leads2b,Prospect,Enriquecido,Rayssa Karapeticov,,1,20/05/2026,20/05/2026,14:20:12,20/05/2026,14:20:37,,,,,,,,,,,
4199,Tasil Industria E Comercio Ltda,Tasil Industria E Comercio Ltda,11387483000145,Tasil Industria E Comercio Ltda,assessoria@contabiljvpp.com.br,(11) 2685-1404,FERRAZ DE VASCONCELOS,SP,08539000,JARDIM ALICE,AV PRESIDENTE TANCREDO DE ALMEIDA NEVES,ANEXO D,,Base de empresas Leads2b,Prospect,Enriquecido,Rayssa Karapeticov,,0,,20/05/2026,14:24:26,20/05/2026,16:39:34,,,,,,,,,,,
3905,Mexa Bem Industria E Comercio De Plasticos Ltda,Mexa Bem Industria E Comercio De Plasticos Ltda,10782121000196,Mexa Bem Industria E Comercio De Plasticos Ltda,reinaldo@mexabem.com.br,(11) 5021-3738,SAO PAULO,SP,04320120,CIDADE VARGAS,RUA ITAGUARA,,,Base de empresas Leads2b,Prospect,Enriquecido,Rayssa Karapeticov,,0,,14/05/2026,16:42:25,20/05/2026,16:40:12,,,,,,,,,,,
3888,Le Creuset Do Brasil S/a,Le Creuset Do Brasil S/a,02926185000195,Le Creuset Do Brasil S/a,marcos.pinto@lecreuset.com,(11) 3198-8274,SAO PAULO,SP,05676120,CIDADE JARDIM,AV MAGALHAES DE CASTRO,CONJ 181 ANDAR 18,,Base de empresas Leads2b,Prospect,Enriquecido,Rayssa Karapeticov,,0,,14/05/2026,16:03:49,20/05/2026,16:40:23,,,,,,,,,,,
3873,Cofari Ecommerce Ltda,Cofari Ecommerce Ltda,23208450000170,Cofari Ecommerce Ltda,contato@cofari.com.br,(47) 3309-4106,RODEIO,SC,89136000,CENTRO,AV PRESIDENTE KENNEDY,SALA 01 GALPAO01 05 E 06,,Base de empresas Leads2b,Prospect,Enriquecido,Rayssa Karapeticov,,0,,14/05/2026,15:50:57,20/05/2026,16:40:28,,,,,,,,,,,
3870,Lolly Brasil Ltda,Lolly Brasil Ltda,62367032000187,Lolly Brasil Ltda,nfe@lollybaby.com.br,(19) 3492-8270,CAPIVARI,SP,13368000,DISTRITO INDUSTRIAL DE CAPIVARI - CORTE PRETO,AV DOUTOR SEBASTIAO ARMELIN,,,Base de empresas Leads2b,Prospect,Enriquecido,Rayssa Karapeticov,,0,,14/05/2026,15:49:51,20/05/2026,16:40:32,,,,,,,,,,,
3866,Tutti Baby Industria E Comercio De Artigos Infantis Ltda,Tutti Baby Industria E Comercio De Artigos Infantis Ltda,06981862000129,Tutti Baby Industria E Comercio De Artigos Infantis Ltda,simari@plasticoszanotti.com,(47) 3379-4081,MASSARANDUBA,SC,89108000,AREA INDUSTRIAL,ROD GUILHERME JENSEN,GALPAO01 SC 413 KM 13,,Base de empresas Leads2b,Prospect,Enriquecido,Rayssa Karapeticov,,0,,14/05/2026,15:45:37,20/05/2026,16:49:14,,,,,,,,,,,
3792,Joao Enio Goularte,I9 Comercio De Plasticos Ltda,27877221000107,Joao Enio Goularte,contato@i9plast.com.br,(47) 3801-4500,JOINVILLE,SC,89.205-820,BOA VISTA,RUA GONCALVES DIAS,,,,Prospect,Enriquecido,Rayssa Karapeticov,,0,12/05/2026,12/05/2026,17:14:16,20/05/2026,16:52:53,,,,,,,,,,,
3790,I9 Comercio E Utilidades Ltda.,I9 Comercio E Utilidades Ltda.,51818653000113,I9 Comercio E Utilidades Ltda.,inove.representacoes@hotmail.com,(48) 9867-5243,IMBITUBA,SC,88780000,ARACATUBA,RUA ESPERANCA,,,Base de empresas Leads2b,Prospect,Enriquecido,Rayssa Karapeticov,,0,,12/05/2026,17:10:35,20/05/2026,16:53:30,,,,,,,,,,,
3728,Taura Inox Utensilios Domesticos Ltda,Taura Inox Utensilios Domesticos Ltda,01829475000158,Taura Inox Utensilios Domesticos Ltda,contato@taurainox.com.br,(54) 3228-3920,CAXIAS DO SUL,RS,95077080,SAO VIRGILIO,RUA MANOEL JESUS RIBEIRO,PAVLH 01,,Base de empresas Leads2b,Prospect,Enriquecido,Rayssa Karapeticov,,0,,05/05/2026,15:56:30,20/05/2026,16:54:17,,,,,,,,,,,
3725,Lavinox Industria E Comercio De Acessorios Gourmet Ltda,Lavinox Industria E Comercio De Acessorios Gourmet Ltda,05650314000153,Lavinox Industria E Comercio De Acessorios Gourmet Ltda,claudio.lazorek@gmail.com,(46) 3572-1452,CRUZEIRO DO IGUACU,PR,85598000,ZONA RURAL,"RODOVIA PR 473, KM 67",,,Base de empresas Leads2b,Prospect,Enriquecido,Rayssa Karapeticov,,0,,05/05/2026,15:55:38,20/05/2026,16:55:27,,,,,,,,,,,
3722,"L F Inox Industria, Comercio, Importacao E Exportacao Ltda","L F Inox Industria, Comercio, Importacao E Exportacao Ltda",01904695000107,"L F Inox Industria, Comercio, Importacao E Exportacao Ltda",polinox@lfinox.com.br,(92) 8131-6261,MANAUS,AM,69041080,TARUMA,RUA URAI,LOTE PARAISO TROPICAL,,Base de empresas Leads2b,Prospect,Enriquecido,Rayssa Karapeticov,,0,,05/05/2026,15:54:19,20/05/2026,16:55:51,,,,,,,,,,,
3721,Madefer Inox Ltda,Madefer Inox Ltda,04752653000269,Madefer Inox Ltda,madeferinox@madeferinox.com.br,(48) 3532-1680,PRAIA GRANDE,SC,88990000,CENTRO,R EXPEDICIONARIO MIGUEL CARDOSO,PAVLH 2,,Base de empresas Leads2b,Prospect,Enriquecido,Rayssa Karapeticov,,0,,05/05/2026,15:52:36,20/05/2026,17:00:15,,,WhatsappRayssa;fimzap,,,,,,,,
